Workbook

Sheet Instructions
A1: Supplier Qualification Toolkit
A2: Built by Sylvia Wanjiru Opiyo, Operational Excellence & Quality Leader
A4: HOW TO USE THIS TOOLKIT
A6: This is a lightweight, PPAP-inspired process for qualifying a new supplier or component,
A7: built for teams that need to move fast (often with engineering outsourced overseas) without
A8: losing track of the specs that actually matter once the product meets real-world use.
A10: 1. Go to 'Specs Register'. List every requirement you're checking for. Mark the ones that
A11: matter most given how the product will actually be used, not just what a standard spec
A12: sheet assumes. Delete the example row before adding your real specs.
A14: 2. Go to 'Milestone Tracker'. This is your big-picture view: seven stages from first
A15: agreement to final sign-off, including a Screen stage before you invest in a sample run.
A16: Update the Status column as you progress. % Complete updates on its own.
... A54: parts, a full formal PPAP process with your quality team is still the right call.

Sheet Executive Summary
A1: Executive Summary
A2: Auto-updates from the Milestone Tracker and Batch Log. Use this view for a fast go/no-go conversation.
A4: Overall milestone progress | B4: ='Milestone Tracker'!B10 -> 0 | C4: Pulled directly from the Milestone Tracker tab.
B5: =COUNTA('Specs Register'!B2:B31) -> 1
A6: Total specs tracked | B6: =COUNTA('Specs Register'!B2:B31) -> 1 | C6: Counts real specs entered (excludes the example row).
A8: First round logged | B8: =IF(COUNT('Batch Log'!B2:I2)=0,"Not started",MIN('Batch Log'!B2:I2)) -> Not started | C8: Earliest Round Date filled in on the Batch Log.
A10: Most recent round logged | B10: =IF(COUNT('Batch Log'!B2:I2)=0,"Not started",MAX('Batch Log'!B2:I2)) -> Not started | C10: Latest Round Date filled in on the Batch Log.
A12: Approx. time elapsed (months) | B12: =IF(COUNT('Batch Log'!B2:I2)<2,0,ROUND((MAX('Batch Log'!B2:I2)-MIN('Batch Log'!B2:I2))/30,1)) -> 0 | C12: Rounded from first to most recent round date.
A14: Total regressions detected | B14: =SUMPRODUCT((('Batch Log'!C3:I32="Fail")+('Batch Log'!C3:I32="Partial"))*('Batch Log'!B3:H32="Pass")) -> 0 | C14: Every time a spec passed, then failed or went partial in a later round.
A16: Latest performance status | B16: =IF(COUNTA('Performance Scorecard'!A2:A31)=0,"No reviews yet",INDEX('Performance Scorecard'!I2:I31,COUNTA('Performance Scorecard'!A2:A31))) -> Performing | C16: Pulled from the most recent row in Performance Scorecard. Review that tab on a set cadence, not just when something breaks.
A17: For the current status of any individual spec, see the Batch Log tab. This summary is directional, meant to support a fast decision, not replace looking at the detail when it matters.
A19: For the current status of any individual spec, see the Batch Log tab. This summary is directional, meant to support a fast decision, not replace looking at the detail when it matters.

Sheet Specs Register
A1: Spec ID | B1: Spec / Requirement | C1: Critical for real-world use? | D1: Target Value | E1: Date Added | F1: Notes / Rationale
A2: =IF(B2="","",ROW()-1) -> 1 | B2: Example: Frame weld strength holds under 120kg dynamic load | C2: Y | D2: No visible crack after 10,000 load cycles | E2: 2026-01-15 | F2: Delete this row before adding your real specs
A3: =IF(B3="","",ROW()-1)
A4: =IF(B4="","",ROW()-1)
A5: =IF(B5="","",ROW()-1)
A6: =IF(B6="","",ROW()-1)
A7: =IF(B7="","",ROW()-1)
A8: =IF(B8="","",ROW()-1)
A9: =IF(B9="","",ROW()-1)
A10: =IF(B10="","",ROW()-1)
A11: =IF(B11="","",ROW()-1)
A12: =IF(B12="","",ROW()-1)
A13: =IF(B13="","",ROW()-1)
A14: =IF(B14="","",ROW()-1)
... A31: =IF(B31="","",ROW()-1)

Sheet Milestone Tracker
A1: Stage | B1: Status | C1: Owner | D1: Date Started | E1: Date Completed | F1: Notes / Evidence
A2: 1. Spec & Design Agreement
A3: 2. Supplier Screened
A4: 3. Initial Sample Submitted
A5: 4. Sample Validated
A6: 5. Process Consistency Proven
A7: 6. Open Issues Resolved
A8: 7. Final Approval / Sign-off
A10: Overall % Complete | B10: =COUNTIF(B2:B8,"Complete")/COUNTA(A2:A8) -> 0
A11: Any stage blocked? | B11: =IF(COUNTIF(B2:B8,"Blocked")>0,"YES - see notes","No") -> No

Sheet Batch Log
A1: Spec | B1: Batch 1 | C1: Batch 2 | D1: Batch 3 | E1: Batch 4 | F1: Batch 5 | G1: Batch 6 | H1: Batch 7 | I1: Batch 8
A2: Round Date
A3: =IF('Specs Register'!B2="","",'Specs Register'!B2) -> Example: Frame weld strength holds under 120kg dynamic load
A4: =IF('Specs Register'!B3="","",'Specs Register'!B3)
A5: =IF('Specs Register'!B4="","",'Specs Register'!B4)
A6: =IF('Specs Register'!B5="","",'Specs Register'!B5)
A7: =IF('Specs Register'!B6="","",'Specs Register'!B6)
A8: =IF('Specs Register'!B7="","",'Specs Register'!B7)
A9: =IF('Specs Register'!B8="","",'Specs Register'!B8)
A10: =IF('Specs Register'!B9="","",'Specs Register'!B9)
A11: =IF('Specs Register'!B10="","",'Specs Register'!B10)
A12: =IF('Specs Register'!B11="","",'Specs Register'!B11)
A13: =IF('Specs Register'!B12="","",'Specs Register'!B12)
A14: =IF('Specs Register'!B13="","",'Specs Register'!B13)
... A32: =IF('Specs Register'!B31="","",'Specs Register'!B31)
A34: Legend: Green = Pass, Amber = Partial, Red = Fail. A bold red border means REGRESSION: this passed in an earlier batch and just failed again.
A35: Fill in Round Date each time you log a batch. Need more than 8 rounds? Insert a column, copy the formatting, and extend the regression rule.

Sheet Performance Scorecard
A1: Period | B1: Supplier | C1: Quality | D1: Delivery | E1: Responsiveness | F1: Documentation | G1: Cost / Commercial | H1: Overall Score | I1: Status | J1: Review Action
A2: Q1 2026 | B2: Example: Rim supplier | C2: 4 | D2: 4 | E2: 5 | F2: 3 | G2: 4 | H2: =IFERROR(ROUND(AVERAGE(C2:G2),1),"") -> 4 | I2: =IF(H2="","",IF(H2>=4,"Performing",IF(H2>=3,"Monitor","At Risk"))) -> Performing | J2: Delete this row before adding your real reviews
H3: =IFERROR(ROUND(AVERAGE(C3:G3),1),"") | I3: =IF(H3="","",IF(H3>=4,"Performing",IF(H3>=3,"Monitor","At Risk")))
H4: =IFERROR(ROUND(AVERAGE(C4:G4),1),"") | I4: =IF(H4="","",IF(H4>=4,"Performing",IF(H4>=3,"Monitor","At Risk")))
H5: =IFERROR(ROUND(AVERAGE(C5:G5),1),"") | I5: =IF(H5="","",IF(H5>=4,"Performing",IF(H5>=3,"Monitor","At Risk")))
H6: =IFERROR(ROUND(AVERAGE(C6:G6),1),"") | I6: =IF(H6="","",IF(H6>=4,"Performing",IF(H6>=3,"Monitor","At Risk")))
H7: =IFERROR(ROUND(AVERAGE(C7:G7),1),"") | I7: =IF(H7="","",IF(H7>=4,"Performing",IF(H7>=3,"Monitor","At Risk")))
H8: =IFERROR(ROUND(AVERAGE(C8:G8),1),"") | I8: =IF(H8="","",IF(H8>=4,"Performing",IF(H8>=3,"Monitor","At Risk")))
H9: =IFERROR(ROUND(AVERAGE(C9:G9),1),"") | I9: =IF(H9="","",IF(H9>=4,"Performing",IF(H9>=3,"Monitor","At Risk")))
H10: =IFERROR(ROUND(AVERAGE(C10:G10),1),"") | I10: =IF(H10="","",IF(H10>=4,"Performing",IF(H10>=3,"Monitor","At Risk")))
H11: =IFERROR(ROUND(AVERAGE(C11:G11),1),"") | I11: =IF(H11="","",IF(H11>=4,"Performing",IF(H11>=3,"Monitor","At Risk")))
H12: =IFERROR(ROUND(AVERAGE(C12:G12),1),"") | I12: =IF(H12="","",IF(H12>=4,"Performing",IF(H12>=3,"Monitor","At Risk")))
H13: =IFERROR(ROUND(AVERAGE(C13:G13),1),"") | I13: =IF(H13="","",IF(H13>=4,"Performing",IF(H13>=3,"Monitor","At Risk")))
H14: =IFERROR(ROUND(AVERAGE(C14:G14),1),"") | I14: =IF(H14="","",IF(H14>=4,"Performing",IF(H14>=3,"Monitor","At Risk")))
... H32: =IFERROR(ROUND(AVERAGE(C32:G32),1),"") | I32: =IF(H32="","",IF(H32>=4,"Performing",IF(H32>=3,"Monitor","At Risk")))
A34: Score each category 1 (poor) to 5 (excellent). Overall Score and Status calculate automatically. Review on a set cadence, quarterly is common, not just when something goes wrong.

Sheet Collaboration Log
A1: Date | B1: Type | C1: Raised By | D1: Description
A2: 2026-01-20 | B2: Proactive Fix | C2: Supplier | D2: Example: Supplier noticed a tolerance drift on their own QC line and flagged it before we found it in Batch 3. Delete this row before logging real entries.
